{"cameraMode":{"drawMode":0,"name":"Shaded","section":"Shading Mode"},"sceneLighting":true,"audioPlay":false,"sceneViewState":{"m_AlwaysRefresh":false,"showFog":true,"showSkybox":true,"showFlares":true,"showImageEffects":true,"showParticleSystems":true,"showVisualEffectGraphs":true,"m_FxEnabled":true},"in2DMode":false,"pivot":{"x":-76.77794647216797,"y":2.407984495162964,"z":16.978858947753908},"rotation":{"x":0.003178071230649948,"y":0.8638063669204712,"z":-0.005450946278870106,"w":0.5037840604782105},"size":0.8991827368736267,"orthographic":false}