{"cameraMode":{"drawMode":0,"name":"Shaded","section":"Shading Mode"},"sceneLighting":true,"audioPlay":false,"sceneViewState":{"m_AlwaysRefresh":false,"showFog":true,"showSkybox":true,"showFlares":true,"showImageEffects":true,"showParticleSystems":true,"showVisualEffectGraphs":true,"m_FxEnabled":true},"in2DMode":false,"pivot":{"x":-46.76148986816406,"y":-9.630533218383789,"z":56.63566970825195},"rotation":{"x":-0.09464158117771149,"y":-0.023609308525919915,"z":0.002244427101686597,"w":-0.9952362179756165},"size":29.98631477355957,"orthographic":false}