{"cameraMode":{"drawMode":0,"name":"Shaded","section":"Shading Mode"},"sceneLighting":true,"audioPlay":false,"sceneViewState":{"m_AlwaysRefresh":false,"showFog":true,"showSkybox":true,"showFlares":true,"showImageEffects":true,"showParticleSystems":true,"showVisualEffectGraphs":true,"m_FxEnabled":true},"in2DMode":false,"pivot":{"x":19.229999542236329,"y":74.82669067382813,"z":-5.6399993896484379},"rotation":{"x":0.23008592426776887,"y":-0.5034533739089966,"z":0.14114227890968324,"w":0.8208103179931641},"size":12.12435531616211,"orthographic":false}