{"cameraMode":{"drawMode":0,"name":"Shaded","section":"Shading Mode"},"sceneLighting":true,"audioPlay":false,"sceneViewState":{"m_AlwaysRefresh":false,"showFog":true,"showSkybox":true,"showFlares":true,"showImageEffects":true,"showParticleSystems":true,"showVisualEffectGraphs":true,"m_FxEnabled":true},"in2DMode":false,"pivot":{"x":20.769676208496095,"y":72.95970916748047,"z":-18.572429656982423},"rotation":{"x":0.23008592426776887,"y":-0.5034533739089966,"z":0.14114227890968324,"w":0.8208103179931641},"size":44.767066955566409,"orthographic":false}